<?xml version="1.0" encoding="UTF-8"?>
<project-private xmlns="http://www.netbeans.org/ns/project-private/1">
    <editor-bookmarks xmlns="http://www.netbeans.org/ns/editor-bookmarks/2" lastBookmarkId="0"/>
    <open-files xmlns="http://www.netbeans.org/ns/projectui-open-files/2">
        <group>
            <file>file:/C:/Users/rn210/Documents/NetBeansProjects/webapp/web/ajaxcar.jsp</file>
            <file>file:/C:/Users/rn210/Documents/NetBeansProjects/webapp/web/image/car.jpg</file>
            <file>file:/C:/Users/rn210/Documents/NetBeansProjects/webapp/web/style5.css</file>
            <file>file:/C:/Users/rn210/Documents/NetBeansProjects/webapp/web/image/lightcolor.jpg</file>
            <file>file:/C:/Users/rn210/Documents/NetBeansProjects/webapp/web/addcontact.html</file>
            <file>file:/C:/Users/rn210/Documents/NetBeansProjects/webapp/src/java/login/sumit/registration/salelist.java</file>
            <file>file:/C:/Users/rn210/Documents/NetBeansProjects/webapp/web/style1.css</file>
            <file>file:/C:/Users/rn210/Documents/NetBeansProjects/webapp/src/java/login/sumit/registration/connectProvider.java</file>
            <file>file:/C:/Users/rn210/Documents/NetBeansProjects/webapp/web/welcome.jsp</file>
            <file>file:/C:/Users/rn210/Documents/NetBeansProjects/webapp/src/java/login/sumit/registration/Provider.java</file>
            <file>file:/C:/Users/rn210/Documents/NetBeansProjects/webapp/web/ajaxcontact.jsp</file>
            <file>file:/C:/Users/rn210/Documents/NetBeansProjects/webapp/web/style2.css</file>
            <file>file:/C:/Users/rn210/Documents/NetBeansProjects/webapp/web/bookvisit.html</file>
            <file>file:/C:/Users/rn210/Documents/NetBeansProjects/webapp/web/image/carsearch.png</file>
            <file>file:/C:/Users/rn210/Documents/NetBeansProjects/webapp/web/style6.css</file>
            <file>file:/C:/Users/rn210/Documents/NetBeansProjects/webapp/web/image/record.png</file>
            <file>file:/C:/Users/rn210/Documents/NetBeansProjects/webapp/web/login.jsp</file>
            <file>file:/C:/Users/rn210/Documents/NetBeansProjects/webapp/src/java/login/sumit/registration/CustomerDAO.java</file>
            <file>file:/C:/Users/rn210/Documents/NetBeansProjects/webapp/web/viewsaleperson.html</file>
            <file>file:/C:/Users/rn210/Documents/NetBeansProjects/webapp/src/java/login/sumit/registration/CustomerDAOImp.java</file>
            <file>file:/C:/Users/rn210/Documents/NetBeansProjects/webapp/web/style3.css</file>
            <file>file:/C:/Users/rn210/Documents/NetBeansProjects/webapp/src/java/login/sumit/registration/list.java</file>
            <file>file:/C:/Users/rn210/Documents/NetBeansProjects/webapp/web/register.jsp</file>
            <file>file:/C:/Users/rn210/Documents/NetBeansProjects/webapp/web/image/sun.jpg</file>
            <file>file:/C:/Users/rn210/Documents/NetBeansProjects/webapp/src/java/login/sumit/registration/LoginRegister.java</file>
            <file>file:/C:/Users/rn210/Documents/NetBeansProjects/webapp/web/style4.css</file>
            <file>file:/C:/Users/rn210/Documents/NetBeansProjects/webapp/web/image/rec1.jpg</file>
            <file>file:/C:/Users/rn210/Documents/NetBeansProjects/webapp/src/java/login/sumit/registration/Sellers.java</file>
            <file>file:/C:/Users/rn210/Documents/NetBeansProjects/webapp/src/java/login/sumit/registration/Car.java</file>
            <file>file:/C:/Users/rn210/Documents/NetBeansProjects/webapp/src/java/login/sumit/registration/Customer.java</file>
            <file>file:/C:/Users/rn210/Documents/NetBeansProjects/webapp/web/addcar.html</file>
            <file>file:/C:/Users/rn210/Documents/NetBeansProjects/webapp/web/availablecars.html</file>
            <file>file:/C:/Users/rn210/Documents/NetBeansProjects/webapp/web/style.css</file>
            <file>file:/C:/Users/rn210/Documents/NetBeansProjects/webapp/web/WEB-INF/web.xml</file>
            <file>file:/C:/Users/rn210/Documents/NetBeansProjects/webapp/web/ajaxbook.jsp</file>
        </group>
    </open-files>
</project-private>
